image,level
10_left,0
10_right,0
13_left,0
13_right,0
19_left,0
19_right,0
20_left,0
20_right,0
21_left,0
21_right,0
22_left,0
22_right,0
23_left,0
23_right,0
25_left,0
25_right,0
31_left,0
31_right,0
33_left,0
33_right,0
114_left,1
114_right,1
178_left,1
178_right,1
348_left,1
348_right,1
417_left,1
417_right,1
435_left,1
435_right,1
525_left,1
525_right,1
566_left,1
566_right,1
766_left,1
766_right,1
869_left,1
869_right,1
978_left,1
978_right,1
54_left,2
54_right,2
78_left,2
78_right,2
79_left,2
79_right,2
82_left,2
82_right,2
129_left,2
129_right,2
172_left,2
172_right,2
184_left,2
184_right,2
192_left,2
192_right,2
195_left,2
195_right,2
239_left,2
239_right,2
99_left,3
99_right,3
163_left,3
163_right,3
352_left,3
352_right,3
531_left,3
531_right,3
687_left,3
687_right,3
932_left,3
932_right,3
1008_left,3
1008_right,3
1162_left,3
1162_right,3
1177_left,3
1177_right,3
1196_left,3
1196_right,3
16_left,4
16_right,4
217_left,4
217_right,4
294_left,4
294_right,4
326_left,4
326_right,4
367_left,4
367_right,4
405_left,4
405_right,4
406_left,4
406_right,4
670_left,4
670_right,4
936_left,4
936_right,4
1084_left,4
1084_right,4
